<?xml version="1.0" encoding="UTF-8"?>
<project-private xmlns="http://www.netbeans.org/ns/project-private/1">
    <editor-bookmarks xmlns="http://www.netbeans.org/ns/editor-bookmarks/2" lastBookmarkId="0"/>
    <open-files xmlns="http://www.netbeans.org/ns/projectui-open-files/2">
        <group>
            <file>file:/C:/Users/lolda/Desktop/DAW/Trabajadores1/Trabajadores/src/trabajadores/Departamento.java</file>
            <file>file:/C:/Users/lolda/Desktop/DAW/Trabajadores1/Trabajadores/src/trabajadores/Interfaz.java</file>
            <file>file:/C:/Users/lolda/Desktop/DAW/Trabajadores1/Trabajadores/src/trabajadores/DespedirTrabajador1.java</file>
            <file>file:/C:/Users/lolda/Desktop/DAW/Trabajadores1/Trabajadores/src/trabajadores/CambiarTelefonoTrabajador.java</file>
            <file>file:/C:/Users/lolda/Desktop/DAW/Trabajadores1/Trabajadores/src/trabajadores/DespedirTrabajador.java</file>
            <file>file:/C:/Users/lolda/Desktop/DAW/Trabajadores1/Trabajadores/src/trabajadores/GuardarDatosTrabajador.java</file>
            <file>file:/C:/Users/lolda/Desktop/DAW/Trabajadores1/Trabajadores/src/trabajadores/CargarDatosTrabajador.java</file>
            <file>file:/C:/Users/lolda/Desktop/DAW/Trabajadores1/Trabajadores/src/trabajadores/CambiarPuesto.java</file>
            <file>file:/C:/Users/lolda/Desktop/DAW/Trabajadores1/Trabajadores/src/trabajadores/Trabajadores.java</file>
            <file>file:/C:/Users/lolda/Desktop/DAW/Trabajadores1/Trabajadores/src/trabajadores/CambiarNombre.java</file>
            <file>file:/C:/Users/lolda/Desktop/DAW/Trabajadores1/Trabajadores/src/trabajadores/CambiarDias.java</file>
            <file>file:/C:/Users/lolda/Desktop/DAW/Trabajadores1/Trabajadores/src/trabajadores/CambiarContrato.java</file>
            <file>file:/C:/Users/lolda/Desktop/DAW/Trabajadores1/Trabajadores/src/trabajadores/CalcularSueldo.java</file>
            <file>file:/C:/Users/lolda/Desktop/DAW/Trabajadores1/Trabajadores/src/trabajadores/Trabajador.java</file>
        </group>
    </open-files>
</project-private>
